{
    "id" : "part1_sub2",

    "pool":{
        "poolName": "pool_th_yanghailong",
        "ssh":{
            "poolName": "pool_th_yanghailong",
            "hostname" : "192.168.10.21",
            "username" : "yanghailong",
            "key_filename" : "KEY_PATH",
            "port" : 22,
            "max_connections" : 5
        }
    },

    "programList": {
        "性能事件采样及读取":{
            "cmd": "/thfs3/home/yanghailong/workdir/SJCY-TEST/misa-md/mid_run.sh",
            "resultList": [
                {
                    "name": "性能事件采集读取结果",
                    "path": "/thfs3/home/yanghailong/workdir/SJCY-TEST/misa-md/logs/read/result.0",
                    "backPath": "/thfs3/home/yanghailong/workdir/SJCY-TEST/misa-md/logs/result_back.0",
                    "type": "text", 
                    "content": ""
                }
            ]
        }
    },
    
    "description": {
        "考核指标": [
            "统一接口子模块实现了性能数据采集的功能"
          ],
          "中期指标": [
            "指标1.1 统一接口子模块实现了性能数据采集的功能，支持两种不同体系架构的国产超算系统"
          ],
          "完成指标": [
            "指标1.1 统一接口子模块实现了性能数据采集的功能，支持两种不同体系架构的国产超算系统" 
          ],
          "功能简介": [
            "采集国产超算系统上应用的性能事件数据以及性能轨迹，并对性能事件数据进行读取收集"
          ],
          "演示设置": [
            "演示平台：迈创",
            "演示规模：万核",
            "演示应用：MISA-MD"
          ]
    }
}