{
    "id" : "part3_sub5",

    "pool":{
        "poolName": "pool_hg_wangjh",
        "ssh":{
            "poolName": "pool_hg_wangjh",
            "hostname" : "60.245.128.10",
            "username" : "wangjh",
            "key_filename" : "KEY_PATH",
            "port" : 65010,
            "max_connections" : 5
        }
    },

    "programList": {
        "海光架构下的轻量级调试接口功能——程序挂起检测":{
            "cmd": "/work1/wangjh/huyh/ptrace_papi/build_script_bash.sh",
            "resultList": [
                {
                    "name": "异常进程及异常PC值",
                    "path": "/work1/wangjh/huyh/ptrace_project2/new_slurmlog/ptrace.log",
                    "backPath": "/work1/wangjh/huyh/ptrace_project2/new_slurmlog/ptrace.14909978.log",
                    "type": "text", 
                    "content": ""
                }
            ]
        }
    },
    
    "description": {
        "考核指标": [
            "运行失效定位"
          ],
          "中期指标": [
            "指标2.1：大规模应用并行运行轻量级调试接口"
          ],
          "完成指标": [
            "指标2.1：轻量级调试工具支持千万核以上规模应用并行运行失效问题的快速定位分析，分析时间<5分钟"
          ],
          "功能简介": [
            "演示针对异常挂起场景，通过故障注入的方式模拟故障在实际运行中的发生情况",
            "异常进程可以被识别，并报告异常进程PC值"
          ],
          "演示设置": [
            "演示平台：海光",
            "演示规模：",
            "演示应用："
          ]
    }
}