{
    "id" : "part1_sub5",

    "pool":{
        "poolName": "pool_th_yanghailong",
        "ssh":{
            "poolName": "pool_th_yanghailong",
            "hostname" : "192.168.10.21",
            "username" : "yanghailong",
            "key_filename" : "KEY_PATH",
            "port" : 22,
            "max_connections" : 5
        }
    },

    "programList": {
        "性能数据裁剪功能测试":{
            "cmd": "/thfs3/home/yanghailong/workdir/SJCJ-TEST/misa-md/mid_run.sh",
            "resultList": [
                {
                    "name": "工具采集输出日志",
                    "path": "/thfs3/home/yanghailong/workdir/SJCJ-TEST/misa-md/logs/mid_log.log",
                    "backPath": "/thfs3/home/yanghailong/workdir/SJCJ-TEST/misa-md/logs/log_back.log",
                    "type": "text", 
                    "content": ""
                }
            ]
        },
        "性能数据存储空间统计":{
            "cmd": "/thfs3/home/yanghailong/workdir/SJCJ-TEST/misa-md/get_usage.sh",
            "resultList": [
                {
                    "name": "性能数据存储空间统计",
                    "path": "/thfs3/home/yanghailong/workdir/SJCJ-TEST/misa-md/logs/usage.txt",
                    "backPath": "/thfs3/home/yanghailong/workdir/SJCJ-TEST/misa-md/logs/usage_back.txt",
                    "type": "text", 
                    "content": ""
                }
            ]
        }
    },
    
    "description": {
        "考核指标": [
            "统一接口子模块实现了性能数据采集的功能"
          ],
          "中期指标": [
            "指标1.1：常用性能分析功能"
          ],
          "完成指标": [
            "指标1.1：常用性能分析功能" 
          ],
          "功能简介": [
            "对国产超算系统应用上的多粒度插桩采集部分实现动态数据性能裁剪功能，优化性能轨迹数据文件占用空间开销"
          ],
          "演示设置": [
            "演示平台：迈创",
            "演示规模：万核",
            "演示应用：MISA-MD"
          ]
    }
}