{
    "id" : "part2_sub3",

    "pool":{
        "poolName": "pool_th_penglin_lxx",
        "ssh":{
            "poolName": "pool_th_penglin_lxx",
            "hostname" : "25.8.100.25",
            "username" : "root",
            "key_filename" : "KEY_PATH",
            "port" : 22,
            "max_connections" : 5
        }
    },
    "programList": {
        "执行大规模程序":{
            "cmd": "/thfs1/home/penglin_lxx/NPB3.4.2/NPB3.4-MPI/runwk.sh",
            "resultList": [
                {
                    "name": "程序输出日志",
                    "path": "/thfs1/home/penglin_lxx/NPB3.4.2/NPB3.4-MPI/logwk",
                    "backPath": "/thfs1/home/penglin_lxx/NPB3.4.2/NPB3.4-MPI/0-archive/logwk",
                    "type": "text", 
                    "content": ""
                }
            ]
        },
        "并行程序函数栈获取合并与可视化工具":{
            "cmd": "/thfs1/home/penglin_lxx/stackmerge-cas/pstack_clush.sh",
            "resultList": [
                {
                    "name": "工具日志",
                    "path": "/thfs1/home/penglin_lxx/stackmerge-cas/log/logwk",
                    "backPath": "/thfs1/home/penglin_lxx/stackmerge-cas/log/0-archive/logwk",
                    "type": "text", 
                    "content": ""
                },
                {
                    "name": "合并后的结果与网页文件",
                    "path": "/thfs1/home/penglin_lxx/stackmerge-cas/log/cg.A.x/data.js",
                    "backPath": "/thfs1/home/penglin_lxx/stackmerge-cas/log/0-archive/data.js",
                    "type": "text", 
                    "content": ""
                }
            ]
        }
    },
    
    "description": {
        "考核指标": [
            "运行失效定位"
          ],
          "中期指标": [
            "指标2.1：实现大规模应用并行失效问题的快速定位分析工具"
          ],
          "完成指标": [
            "指标2.1：在迈创国产超算系统上实现千万核以上规模应用并行运行失效问题的快速定位分析，分析时间<5分钟"
          ],
          "功能简介": [
            "首先，运行大规模并行程序",
            "然后，监测到挂起行为，查看作业ID和作业名",
            "最后，通过并行程序函数栈获取合并与可视化工具，收集函数栈信息，合并信息，并进行可视化",
            "通过可视化信息定位异常代码位置"
          ],
          "演示设置": [
            "演示平台：迈创",
            "演示规模：万核",
            "演示应用：并行程序函数栈获取合并与可视化工具"
          ]
    }
}