{
    "id" : "part3_sub3",

    "pool":{
        "poolName": "pool_hg_wangjh",
        "ssh":{
            "poolName": "pool_hg_wangjh",
            "hostname" : "60.245.128.10",
            "username" : "wangjh",
            "key_filename" : "KEY_PATH",
            "port" : 65010,
            "max_connections" : 5
        }
    },

    "programList": {
        "海光架构下的轻量级调试接口功能——程序调试信息获取":{
            "cmd": "/work1/wangjh/huyh/ptrace_project_func_test/run.sh",
            "resultList": [
                {
                    "name": "函数调用栈信息",
                    "path": "/work1/wangjh/huyh/ptrace_project_func_test/build/output/callstack.txt",
                    "backPath": "/work1/wangjh/huyh/ptrace_project_func_test/build/output/输出-90519.txt",
                    "type": "text", 
                    "content": ""
                }
            ]
        }
    },
    
    "description": {
        "考核指标": [
            "轻量级性能监测与调试技术"
          ],
          "中期指标": [
            "指标2.1：大规模应用并行运行轻量级调试接口"
          ],
          "完成指标": [
            "指标2.1：轻量级调试工具支持千万核以上规模应用并行运行失效问题的快速定位分析，分析时间<5分钟"
          ],
          "功能简介": [
            "基于ELF和DWARF信息实现堆栈展开，设计高效的堆栈展开和回溯方法，实现对函数的调用栈分析",
            "可以获取函数调用路径和函数被调用行号信息，为挂起检测提供了数据来源"
          ],
          "演示设置": [
            "演示平台：海光",
            "演示规模：",
            "演示应用："
          ]
    }
}