{
    "id" : "part1_sub9",

    "pool":{
        "poolName": "pool_th_yanghailong",
        "ssh":{
            "poolName": "pool_th_yanghailong",
            "hostname" : "192.168.10.21",
            "username" : "yanghailong",
            "key_filename" : "KEY_PATH",
            "port" : 22,
            "max_connections" : 5
        }
    },

    "programList": {
        "MISA-MD":{
            "cmd": "/thfs3/home/yanghailong/midterm-demo/workdir/ZYJC/misa-md/run_analysis.sh",
            "resultList": [
                {
                    "name": "计算噪音热力图",
                    "path": "/thfs3/home/yanghailong/midterm-demo/workdir/ZYJC/misa-md/logs/analysis/heatmap/calc.png",
                    "backPath": "/thfs3/home/yanghailong/midterm-demo/workdir/ZYJC/misa-md/logs/analysis/heatmap_backup/calc.png",
                    "type": "image", 
                    "content": ""
                },
                {
                    "name": "通信噪音热力图",
                    "path": "/thfs3/home/yanghailong/midterm-demo/workdir/ZYJC/misa-md/logs/analysis/heatmap/comm.png",
                    "backPath": "/thfs3/home/yanghailong/midterm-demo/workdir/ZYJC/misa-md/logs/analysis/heatmap_backup/comm.png",
                    "type": "image",
                    "content": ""
                }
            ]
        }
    },
    
    "description": {
        "考核指标": [
            "指标1.2：扩展性能分析功能"
          ],
          "中期指标": [
            "指标1.2：完成面向国产高性能计算机的大规模并行程序噪音检测、低效行为检测功能"
          ],
          "完成指标": [
            "指标1.2：支持 2 种不同体系架构的国产超算系统，完成面向国产高性能计算机的大规模并行程序噪音检测、低效行为检测和性能抖动识别等新增功能"
          ],
          "功能简介": [
            "首先，针对采集到的目标应用性能轨迹原始数据进行故障定位分析，包括算力和通信等故障",
            "然后，故障定位分析结果包括各进程在各个时间片下（如时间分辨率10ms）的相对性能",
            "最后，将得到的故障定位分析结果进行可视化展示，便于用户直观了解分析结果"
          ],
          "演示设置": [
            "演示平台：迈创",
            "演示规模：万核",
            "演示应用：注入节点噪音的MisaMD"
          ]
    }
}