{
    "id" : "part1_sub15",

    "pool":{
        "poolName": "pool_gpu7",
        "ssh":{
            "poolName": "pool_gpu7",
            "hostname" : "10.254.46.25",
            "username" : "huoda",
            "key_filename" : "KEY_PATH",
            "port" : 22,
            "max_connections" : 5
        }
    },

    "programList": {
        "可拓展性瓶颈检测功能测试":{
            "cmd": "/home/huoda/run_analysis_ktzx.sh",
            "resultList": [
                {
                    "name": "MisaMD-4节点 可扩展性可视化结果",
                    "path": "/home/huoda/medium-term-demo/ktzx_misa4_4/tree/misamd4_dur=5_seq=30_lr=0.001_bsz=32_hdim=8_dim=8_score_epoch=5_3_kernel.png",
                    "backPath": "/home/huoda/medium-term-demo/ktzx_misa_static/misamd4_dur=5_seq=30_lr=0.001_bsz=32_hdim=8_dim=8_score_epoch=5_3_kernel.png",
                    "type": "image", 
                    "content": ""
                },
                {
                    "name": "MisaMD-50节点 可扩展性可视化结果",
                    "path": "/home/huoda/medium-term-demo/ktzx_misa50_4/tree/misamd50_dur=1_seq=30_lr=0.001_bsz=8_hdim=8_dim=8_score_epoch=3_3_kernel.png",
                    "backPath": "/home/huoda/medium-term-demo/ktzx_misa_static/misamd50_dur=1_seq=30_lr=0.001_bsz=8_hdim=8_dim=8_score_epoch=3_3_kernel.png",
                    "type": "image",
                    "content": ""
                }
            ]
        }
    },
    
    "description": {
          "考核指标": [
            "实现千万核以上规模应用的可扩展性瓶颈检测，能够识别并行程序性能瓶颈并提出有效的优化建议"
          ],
          "中期指标": [
            "实现千万核以上规模应用的可扩展性瓶颈检测，能够识别并行程序性能瓶颈并提出有效的优化建议"
          ],
          "完成指标": [
            "支持2种不同体系架构的国产超算系统",
            "实现千万核以上规模应用的性能分析",
            "能够识别并行程序性能瓶颈并提出有效的优化建议",
            "根据分析工具提出的建议进行优化后的性能达到用户手工优化方法的90%"
          ],
          "功能简介": [
            "首先，根据收集到的性能轨迹数据建立程序行为图", 
            "然后，对两个不同规模的程序行为图进行差异性分析，获取异常点",
            "最后，从异常点出发进行回溯根因诊断"
          ],
          "演示设置": [
            "演示平台：gpu7",
            "演示规模：4节点、50节点",
            "演示应用：MisaMD"
          ]
    }
}