{
    "id" : "part1_sub1",

    "pool":{
        "poolName": "pool_th_yanghailong",
        "ssh":{
            "poolName": "pool_th_yanghailong",
            "hostname" : "192.168.10.21",
            "username" : "yanghailong",
            "key_filename" : "KEY_PATH",
            "port" : 22,
            "max_connections" : 5
        }
    },

    "programList": {
        "统一接口技术功能":{
            "cmd": "/thfs3/home/yanghailong/midterm-demo/workdir/TYJK/run_tyjk.sh",
            "resultList": [
                {
                    "name": "kernel信息",
                    "path": "/thfs3/home/yanghailong/midterm-demo/workdir/TYJK/readable/ext.0.00",
                    "backPath": "/thfs3/home/yanghailong/midterm-demo/workdir/TYJK/ext.0.00",
                    "type": "text", 
                    "content": ""
                }
            ]
        }
    },
    
    "description": {
        "考核指标": [
            "统一接口子模块实现了性能数据采集的功能"
          ],
          "中期指标": [
            "指标1.1 统一接口子模块实现了性能数据采集的功能，支持两种不同体系架构的国产超算系统"
          ],
          "完成指标": [
            "指标1.1 统一接口子模块实现了性能数据采集的功能，支持两种不同体系架构的国产超算系统"
          ],
          "功能简介": [
            "采集应用性能轨迹，并展示可读的轨迹文件"
          ],
          "演示设置": [
            "演示平台：迈创",
            "演示规模：万核",
            "演示应用：MISA-MD"
          ]
    }
}