{
    "id" : "part4_sub3",

    "pool":{
        "poolName": "pool_hg_dtune",
        "ssh":{
            "poolName": "pool_hg_dtune",
            "hostname" : "60.245.128.10",
            "username" : "dtune",
            "key_filename" : "KEY_PATH",
            "port" : 65010,
            "max_connections" : 5
        }
    },

    "programList": {
           "计算性能自动调优":{
            "cmd": "/work1/dtune/AMT-Toolkits/tests/compute/adtuner_test.sh",
            "resultList": [
                {
                    "name": "X-BLUE核函数策略1调优数据文件",
                     "path": "/work1/dtune/AMT-Toolkits/tests/compute/kernel/bluex_gaus/results/xblue_st1.out",
                    "backPath": "/work1/dtune/AMT-Toolkits/tests/compute/kernel/bluex_gaus/results.bak/xblue_st1.out",
                    "type": "text",
                    "content": ""
                },
                {
                    "name": "X-BLUE核函数策略2调优数据文件",
                     "path": "/work1/dtune/AMT-Toolkits/tests/compute/kernel/bluex_gaus/results/xblue_st2.out",
                    "backPath": "/work1/dtune/AMT-Toolkits/tests/compute/kernel/bluex_gaus/results.bak/xblue_st2.out",
                    "type": "text",
                    "content": ""
                },
                {
                    "name": "X-BLUE核函数策略3调优数据文件",
                     "path": "/work1/dtune/AMT-Toolkits/tests/compute/kernel/bluex_gaus/results/xblue_st3.out",
                    "backPath": "/work1/dtune/AMT-Toolkits/tests/compute/kernel/bluex_gaus/results.bak/xblue_st3.out",
                    "type": "text",
                    "content": ""
                },
                {
                    "name": "X-BLUE应用调优前性能结果输出文件",
                    "path": "/public/home/dtune/zhaolei/middle_test_results/result_before_tune.out",
                    "backPath": "/public/home/dtune/zhaolei/middle_test_results.bak/result_before_tune.out",
                    "type": "text",
                    "content": ""
                },
                {
                    "name": "X-BLUE应用调优后性能结果输出文件",
                    "path": "/public/home/dtune/zhaolei/middle_test_results/result_after_tune.out",
                    "backPath": "/public/home/dtune/zhaolei/middle_test_results.bak/result_after_tune.out",
                    "type": "text",
                    "content": ""
                }
            ]
        }
    },

    "description": {
        "考核指标": [
            "具备海光平台计算性能自动调优功能"
           ],
          "中期指标": [
            "指标3.1：具备部分功能的原型系统"
          ],
          "完成指标": [
            "指标3.1：支持2种不同体系架构的国产超算系统，在 5 个以上典型并行应用程序性能提升不低于 5%（性能提升对比立项时应用程序状态，并确保技术验收时调优后的应用程序性能领先）"
           ],
          "功能简介": [
            "支持如下3种调优策略：",
            "策略1：基于实测反馈的启发式迭代调优策略",
            "策略2：基于模型预测的调优策略",
            "策略3：基于模型预测与实测反馈TopK的调优策略的调优",
            "首先，通过不同策略对应用核函数配置进行调优",
            "然后，使用调优后的核函数配置替换应用默认的核函数配置",
            "最后，评估调优前后应用性能的提升"
          ],
          "演示设置": [
            "演示平台：海光",
            "演示规模：2节点8DCU卡512核",
            "演示应用：X-BLUE"
          ]
    }
}