{
    "id" : "part5_sub2",

    "pool":{
        "poolName": "pool_hg_wangxg",
        "ssh":{
            "poolName": "pool_hg_wangxg",
            "hostname" : "ssh.hpcer.dev",
            "username" : "wangxg",
            "key_filename" : "KEY_PATH",
            "port" : 2222,
            "max_connections" : 5
        }
    },

    "programList": {
        "I/O诊断功能":{
            "cmd": "/public/home/wangxg/work1/niujian/ParaDiS-main/IOP2.sh",
            "resultList": [
                {
                    "name": "I/O请求大小和频率分布直方图",
                    "path": "/public/home/wangxg/work1/niujian/ParaDiS-main/io_analysis_output/request_size_distribution.png",
                    "backPath": "/public/home/wangxg/work1/niujian/ParaDiS-main/backpath/request_size_distribution.png",
                    "type": "image", 
                    "content": ""
                },
                {
                    "name": "I/O请求大小分布图",
                    "path": "/public/home/wangxg/work1/niujian/ParaDiS-main/io_analysis_output/size_duration_relationship.png",
                    "backPath": "/public/home/wangxg/work1/niujian/ParaDiS-main/backpath/size_duration_relationship.png",
                    "type": "image", 
                    "content": ""
                }
            ]
        }
    },
    
    "description": {
        "考核指标": [
            "在小规模集群初步实现 I/O 性能诊断工具、I/O 通信性能诊断工具与I/O 预测工具"
          ],
          "中期指标": [
            "指标3.1：在小规模集群初步实现 I/O 性能诊断工具、I/O 通信性能诊断工具与I/O 预测工具"
          ],
          "完成指标": [
            "指标3.1：形成千万核以上规模应用的 I/O 性能诊断工具、I/O 通信性能诊断工具与I/O 预测工具"
          ],
          "功能简介": [
            "2.对DDD程序进行小文件I/O瓶颈问题检测"
          ],
          "演示设置": [
            "演示平台：419",
            "演示规模：96核",
            "演示应用：IOP"
          ]
    }
}