{
    "id" : "part1_sub12",

    "pool":{
        "poolName": "pool_th_yanghailong",
        "ssh":{
            "poolName": "pool_th_yanghailong",
            "hostname" : "192.168.10.21",
            "username" : "yanghailong",
            "key_filename" : "KEY_PATH",
            "port" : 22,
            "max_connections" : 5
        }
    },

    "programList": {
        "通信分析":{
            "cmd": "/thfs3/home/yanghailong/midterm-demo/workdir/TXFX-TEST/run_analysis.sh",
            "resultList": [
                {
                    "name": "通信热力图",
                    "path": "/thfs3/home/yanghailong/workdir/TXFX-TEST/heatmap.png",
                    "backPath": "/thfs3/home/yanghailong/workdir/TXFX-TEST/heatmap_backup.png",
                    "type": "image", 
                    "content": ""
                }
            ]
        }
    },
    
    "description": {
        "考核指标": [
            "完成常用功能点通信分析"
          ],
          "中期指标": [
            "指标1.1：完成通信分析常用功能点"
          ],
          "完成指标": [
            "指标1.1：完成通信分析常用功能点，支持两种不同体系架构的国产超算系统"
          ],
          "功能简介": [
            "首先将待分析的MPI性能轨迹数据作为输入",
            "然后运行通信分析命令，对MPI性能轨迹数据中的MPI性能事件进行分析",
            "最后，等待运行完毕可以查看程序进程通信热力图"
          ],
          "演示设置": [
            "演示平台：迈创",
            "演示规模：万核",
            "演示应用：MISA-MD"
          ]
    }
}