{
    "id" : "part1_sub10",

    "pool":{
        "poolName": "pool_th_yanghailong",
        "ssh":{
            "poolName": "pool_th_yanghailong",
            "hostname" : "192.168.10.21",
            "username" : "yanghailong",
            "key_filename" : "KEY_PATH",
            "port" : 22,
            "max_connections" : 5
        }
    },

    "programList": {
        "热点分析":{
            "cmd": "/thfs3/home/yanghailong/midterm-demo/workdir/RDFX/run_analysis.sh",
            "resultList": [
                {
                    "name": "kernel热点",
                    "path": "/thfs3/home/yanghailong/midterm-demo/workdir/RDFX/report/kernel_hotspot.result",
                    "backPath": "/thfs3/home/yanghailong/midterm-demo/workdir/RDFX/kernel_hotspot.result",
                    "type": "text", 
                    "content": ""
                }
            ]
        }
    },
    
    "description": {
        "考核指标": [
            "热点分析功能子模块实现了热点分析功能"
          ],
          "中期指标": [
            "指标1.1：完成热点分析常用功能点"
          ],
          "完成指标": [
            "指标1.1：完成热点分析常用功能点，支持两种不同体系架构的国产超算系统"
          ],
          "功能简介": [
            "利用性能轨迹对加速器核函数进行热点统计分析"
          ],
          "演示设置": [
            "演示平台：迈创",
            "演示规模：万核",
            "演示应用：MISA-MD"
          ]
    }
}